"Libellé";"Indice CVS-CJO de la production industrielle (base 100 en 2021) - Préparation de jus de fruits et légumes (NAF rév. 2, niveau classe, poste 10.32)";"Codes"
"idBank";"010767621";""
"Dernière mise à jour";"06/05/2025 08:45";""
"Période";"";""
"2025-03";"83.12";"A"
"2025-02";"89.51";"A"
"2025-01";"89.94";"A"
"2024-12";"96.64";"A"
"2024-11";"91.59";"A"
"2024-10";"82.75";"A"
"2024-09";"90.67";"A"
"2024-08";"87.8";"A"
"2024-07";"91.73";"A"
"2024-06";"91.65";"A"
"2024-05";"97.85";"A"
"2024-04";"99.78";"A"
"2024-03";"99.79";"A"
"2024-02";"99.36";"A"
"2024-01";"102.1";"A"
"2023-12";"100.61";"A"
"2023-11";"103.06";"A"
"2023-10";"103.32";"A"
"2023-09";"101.01";"A"
"2023-08";"110.03";"A"
"2023-07";"100.59";"A"
"2023-06";"105.01";"A"
"2023-05";"101.91";"A"
"2023-04";"100.23";"A"
"2023-03";"103.18";"A"
"2023-02";"101.92";"A"
"2023-01";"101.56";"A"
"2022-12";"103.93";"A"
"2022-11";"108.38";"A"
"2022-10";"109.86";"A"
"2022-09";"114.48";"A"
"2022-08";"110.72";"A"
"2022-07";"110.82";"A"
"2022-06";"108.9";"A"
"2022-05";"101.11";"A"
"2022-04";"105.74";"A"
"2022-03";"107.22";"A"
"2022-02";"108.59";"A"
"2022-01";"105.03";"A"
"2021-12";"103.76";"A"
"2021-11";"102.38";"A"
"2021-10";"107.22";"A"
"2021-09";"100.6";"A"
"2021-08";"101.69";"A"
"2021-07";"101.56";"A"
"2021-06";"97.01";"A"
"2021-05";"95.83";"A"
"2021-04";"97.03";"A"
"2021-03";"102.5";"A"
"2021-02";"94.25";"A"
"2021-01";"96.16";"A"
"2020-12";"102.07";"A"
"2020-11";"122.91";"A"
"2020-10";"122.52";"A"
"2020-09";"132.47";"A"
"2020-08";"116.06";"A"
"2020-07";"115.26";"A"
"2020-06";"113.97";"A"
"2020-05";"112.8";"A"
"2020-04";"113.96";"A"
"2020-03";"112.63";"A"
"2020-02";"120.46";"A"
"2020-01";"116.4";"A"
"2019-12";"113.93";"A"
"2019-11";"111.77";"A"
"2019-10";"114.27";"A"
"2019-09";"112.66";"A"
"2019-08";"115.53";"A"
"2019-07";"118.14";"A"
"2019-06";"121.78";"A"
"2019-05";"123.8";"A"
"2019-04";"122.87";"A"
"2019-03";"119.29";"A"
"2019-02";"121.8";"A"
"2019-01";"125.02";"A"
"2018-12";"123.09";"A"
"2018-11";"121.22";"A"
"2018-10";"127.75";"A"
"2018-09";"123.43";"A"
"2018-08";"119.79";"A"
"2018-07";"119.28";"A"
"2018-06";"111.59";"A"
"2018-05";"126.51";"A"
"2018-04";"128.51";"A"
"2018-03";"124.58";"A"
"2018-02";"119.17";"A"
"2018-01";"126.85";"A"
"2017-12";"123.78";"A"
"2017-11";"126.73";"A"
"2017-10";"126.19";"A"
"2017-09";"130.23";"A"
"2017-08";"131.72";"A"
"2017-07";"130.67";"A"
"2017-06";"130.84";"A"
"2017-05";"125.04";"A"
"2017-04";"128.53";"A"
"2017-03";"133.01";"A"
"2017-02";"133.19";"A"
"2017-01";"128.89";"A"
"2016-12";"132.51";"A"
"2016-11";"135.19";"A"
"2016-10";"136.19";"A"
"2016-09";"137.28";"A"
"2016-08";"136.16";"A"
"2016-07";"136.28";"A"
"2016-06";"118.84";"A"
"2016-05";"129.46";"A"
"2016-04";"133.29";"A"
"2016-03";"119.55";"A"
"2016-02";"124.78";"A"
"2016-01";"124.59";"A"
"2015-12";"128.22";"A"
"2015-11";"119.22";"A"
"2015-10";"115.67";"A"
"2015-09";"124.14";"A"
"2015-08";"127.32";"A"
"2015-07";"124.61";"A"
"2015-06";"135.67";"A"
"2015-05";"132.41";"A"
"2015-04";"132.72";"A"
"2015-03";"136.63";"A"
"2015-02";"132.8";"A"
"2015-01";"138.68";"A"
"2014-12";"137.44";"A"
"2014-11";"146.61";"A"
"2014-10";"135.96";"A"
"2014-09";"133.21";"A"
"2014-08";"128.01";"A"
"2014-07";"134.2";"A"
"2014-06";"136.45";"A"
"2014-05";"132.58";"A"
"2014-04";"129.09";"A"
"2014-03";"129.11";"A"
"2014-02";"132.14";"A"
"2014-01";"129.24";"A"
"2013-12";"125.07";"A"
"2013-11";"129.87";"A"
"2013-10";"124.05";"A"
"2013-09";"122.47";"A"
"2013-08";"127.67";"A"
"2013-07";"128.01";"A"
"2013-06";"124.8";"A"
"2013-05";"130.5";"A"
"2013-04";"131.79";"A"
"2013-03";"132.97";"A"
"2013-02";"125.9";"A"
"2013-01";"124.21";"A"
"2012-12";"117.64";"A"
"2012-11";"124.35";"A"
"2012-10";"126.03";"A"
"2012-09";"129.78";"A"
"2012-08";"121.51";"A"
"2012-07";"120.96";"A"
"2012-06";"121.93";"A"
"2012-05";"121.57";"A"
"2012-04";"118.98";"A"
"2012-03";"132.2";"A"
"2012-02";"122.46";"A"
"2012-01";"116.24";"A"
"2011-12";"126.39";"A"
"2011-11";"122.19";"A"
"2011-10";"122.9";"A"
"2011-09";"123.05";"A"
"2011-08";"124.91";"A"
"2011-07";"122.34";"A"
"2011-06";"117.96";"A"
"2011-05";"118.94";"A"
"2011-04";"116.86";"A"
"2011-03";"119.5";"A"
"2011-02";"119.63";"A"
"2011-01";"119.66";"A"
"2010-12";"126.47";"A"
"2010-11";"119.78";"A"
"2010-10";"118.24";"A"
"2010-09";"115.5";"A"
"2010-08";"113.58";"A"
"2010-07";"123.4";"A"
"2010-06";"118.69";"A"
"2010-05";"114.89";"A"
"2010-04";"121.88";"A"
"2010-03";"115.21";"A"
"2010-02";"114.77";"A"
"2010-01";"114.62";"A"
"2009-12";"114.41";"A"
"2009-11";"116.3";"A"
"2009-10";"114.4";"A"
"2009-09";"119.86";"A"
"2009-08";"117.92";"A"
"2009-07";"115.97";"A"
"2009-06";"114.85";"A"
"2009-05";"114.32";"A"
"2009-04";"114.45";"A"
"2009-03";"114.42";"A"
"2009-02";"115.39";"A"
"2009-01";"112.76";"A"
"2008-12";"120.49";"A"
"2008-11";"109.29";"A"
"2008-10";"112.52";"A"
"2008-09";"110.37";"A"
"2008-08";"113.19";"A"
"2008-07";"111.53";"A"
"2008-06";"101.6";"A"
"2008-05";"113.79";"A"
"2008-04";"107.33";"A"
"2008-03";"112.11";"A"
"2008-02";"115.73";"A"
"2008-01";"118.81";"A"
"2007-12";"118.35";"A"
"2007-11";"124.19";"A"
"2007-10";"124.75";"A"
"2007-09";"120.58";"A"
"2007-08";"113.88";"A"
"2007-07";"115.91";"A"
"2007-06";"119.7";"A"
"2007-05";"118.09";"A"
"2007-04";"119.72";"A"
"2007-03";"115.84";"A"
"2007-02";"112.42";"A"
"2007-01";"109.56";"A"
"2006-12";"112.5";"A"
"2006-11";"105.05";"A"
"2006-10";"106.48";"A"
"2006-09";"108.19";"A"
"2006-08";"108.85";"A"
"2006-07";"112.11";"A"
"2006-06";"118.61";"A"
"2006-05";"109.76";"A"
"2006-04";"108.4";"A"
"2006-03";"108.15";"A"
"2006-02";"107.28";"A"
"2006-01";"109.03";"A"
"2005-12";"105.42";"A"
"2005-11";"109.18";"A"
"2005-10";"106.45";"A"
"2005-09";"107.94";"A"
"2005-08";"104.52";"A"
"2005-07";"107.45";"A"
"2005-06";"103.9";"A"
"2005-05";"105.11";"A"
"2005-04";"104.52";"A"
"2005-03";"101.73";"A"
"2005-02";"101.06";"A"
"2005-01";"97.33";"A"
"2004-12";"95.04";"A"
"2004-11";"95.58";"A"
"2004-10";"94.1";"A"
"2004-09";"92.87";"A"
"2004-08";"91.3";"A"
"2004-07";"87.14";"A"
"2004-06";"87.62";"A"
"2004-05";"85.9";"A"
"2004-04";"87.87";"A"
"2004-03";"89.97";"A"
"2004-02";"99.21";"A"
"2004-01";"90.47";"A"
"2003-12";"96.39";"A"
"2003-11";"92.36";"A"
"2003-10";"90.67";"A"
"2003-09";"95.36";"A"
"2003-08";"108.77";"A"
"2003-07";"101.82";"A"
"2003-06";"104.2";"A"
"2003-05";"100.85";"A"
"2003-04";"96.28";"A"
"2003-03";"95.46";"A"
"2003-02";"92.2";"A"
"2003-01";"94.37";"A"
"2002-12";"89.2";"A"
"2002-11";"94.91";"A"
"2002-10";"91.38";"A"
"2002-09";"87.98";"A"
"2002-08";"84.74";"A"
"2002-07";"85.09";"A"
"2002-06";"85.07";"A"
"2002-05";"88.93";"A"
"2002-04";"93.08";"A"
"2002-03";"94.03";"A"
"2002-02";"95.45";"A"
"2002-01";"96.62";"A"
"2001-12";"91.29";"A"
"2001-11";"86.77";"A"
"2001-10";"84.04";"A"
"2001-09";"89.95";"A"
"2001-08";"93.35";"A"
"2001-07";"88.77";"A"
"2001-06";"90.23";"A"
"2001-05";"89.41";"A"
"2001-04";"88.13";"A"
"2001-03";"79.96";"A"
"2001-02";"86.35";"A"
"2001-01";"83.99";"A"
"2000-12";"92.02";"A"
"2000-11";"90.65";"A"
"2000-10";"90.86";"A"
"2000-09";"91.14";"A"
"2000-08";"91.64";"A"
"2000-07";"89.74";"A"
"2000-06";"88.38";"A"
"2000-05";"92.15";"A"
"2000-04";"82.12";"A"
"2000-03";"92.86";"A"
"2000-02";"91.13";"A"
"2000-01";"89.22";"A"
"1999-12";"88.65";"A"
"1999-11";"92.78";"A"
"1999-10";"93.45";"A"
"1999-09";"91.83";"A"
"1999-08";"86.01";"A"
"1999-07";"92.31";"A"
"1999-06";"77.6";"A"
"1999-05";"84.32";"A"
"1999-04";"86.22";"A"
"1999-03";"86.34";"A"
"1999-02";"86.71";"A"
"1999-01";"88.83";"A"
"1998-12";"90.03";"A"
"1998-11";"90.02";"A"
"1998-10";"91.3";"A"
"1998-09";"76.85";"A"
"1998-08";"95.47";"A"
"1998-07";"95.08";"A"
"1998-06";"98.94";"A"
"1998-05";"108.43";"A"
"1998-04";"93.12";"A"
"1998-03";"93.91";"A"
"1998-02";"94.85";"A"
"1998-01";"96.72";"A"
"1997-12";"94.73";"A"
"1997-11";"96.56";"A"
"1997-10";"96.57";"A"
"1997-09";"97.8";"A"
"1997-08";"103.69";"A"
"1997-07";"79.63";"A"
"1997-06";"90.81";"A"
"1997-05";"86.14";"A"
"1997-04";"90.76";"A"
"1997-03";"93.7";"A"
"1997-02";"90.23";"A"
"1997-01";"94.76";"A"
"1996-12";"89.44";"A"
"1996-11";"84.7";"A"
"1996-10";"84.52";"A"
"1996-09";"85.49";"A"
"1996-08";"79.08";"A"
"1996-07";"80.02";"A"
"1996-06";"105.59";"A"
"1996-05";"99.17";"A"
"1996-04";"101.96";"A"
"1996-03";"88.51";"A"
"1996-02";"87.09";"A"
"1996-01";"82.74";"A"
"1995-12";"89.21";"A"
"1995-11";"84.89";"A"
"1995-10";"83.71";"A"
"1995-09";"80.23";"A"
"1995-08";"86.13";"A"
"1995-07";"97.59";"A"
"1995-06";"81.0";"A"
"1995-05";"93.32";"A"
"1995-04";"88.74";"A"
"1995-03";"85.48";"A"
"1995-02";"88.54";"A"
"1995-01";"81.33";"A"
"1994-12";"79.35";"A"
"1994-11";"79.01";"A"
"1994-10";"80.64";"A"
"1994-09";"76.59";"A"
"1994-08";"79.39";"A"
"1994-07";"88.77";"A"
"1994-06";"67.98";"A"
"1994-05";"69.55";"A"
"1994-04";"60.22";"A"
"1994-03";"73.14";"A"
"1994-02";"68.86";"A"
"1994-01";"67.33";"A"
"1993-12";"67.06";"A"
"1993-11";"72.2";"A"
"1993-10";"71.55";"A"
"1993-09";"67.82";"A"
"1993-08";"67.8";"A"
"1993-07";"72.69";"A"
"1993-06";"73.72";"A"
"1993-05";"67.08";"A"
"1993-04";"70.53";"A"
"1993-03";"72.2";"A"
"1993-02";"69.45";"A"
"1993-01";"71.3";"A"
"1992-12";"69.37";"A"
"1992-11";"69.37";"A"
"1992-10";"65.03";"A"
"1992-09";"79.74";"A"
"1992-08";"66.09";"A"
"1992-07";"63.26";"A"
"1992-06";"68.61";"A"
"1992-05";"70.75";"A"
"1992-04";"68.8";"A"
"1992-03";"66.3";"A"
"1992-02";"70.62";"A"
"1992-01";"70.29";"A"
"1991-12";"67.77";"A"
"1991-11";"65.42";"A"
"1991-10";"63.66";"A"
"1991-09";"69.73";"A"
"1991-08";"65.14";"A"
"1991-07";"68.19";"A"
"1991-06";"61.82";"A"
"1991-05";"59.36";"A"
"1991-04";"70.08";"A"
"1991-03";"58.93";"A"
"1991-02";"54.5";"A"
"1991-01";"60.9";"A"
"1990-12";"58.33";"A"
"1990-11";"55.59";"A"
"1990-10";"58.61";"A"
"1990-09";"51.99";"A"
"1990-08";"55.09";"A"
"1990-07";"47.38";"A"
"1990-06";"49.5";"A"
"1990-05";"52.54";"A"
"1990-04";"46.43";"A"
"1990-03";"52.17";"A"
"1990-02";"53.99";"A"
"1990-01";"45.43";"A"
